POS Item Number,POS Item Name,Mfg Name
AC62515,NEVER LET YESTERDAY'S DIS,TREND ENTERPRISES INC
AC62587,YOU ARE RESPONSIBLE FOR YOUR,TREND ENTERPRISES INC
AC62680,T*E*A*M,TREND ENTERPRISES INC
AC62681,"FOR SUCCESS, ATTITUDE IS AS IM",TREND ENTERPRISES INC
AC62766,POSITIVE PEOPLE DON'T PUT OTHE,TREND ENTERPRISES INC
AC63040,BE YOURSELF,TREND ENTERPRISES INC
AC63041,WATCH YOUR THOUGHTS THEY BECOM,TREND ENTERPRISES INC
AC63044,JUST BECAUSE SOMETHING IS DIFF,TREND ENTERPRISES INC
AC63045,DREAMS ARE NOT SOMETHING TO WA,TREND ENTERPRISES INC
AC63048,YOU CAN ALWAYS BE A BETTER,TREND ENTERPRISES INC
AC63070,THE TASK AHEAD OF YOU IS NEVER,TREND ENTERPRISES INC
AC63087,MATH- IT'S EVERYWHERE,TREND ENTERPRISES INC
A0138L,GALT POP-UP TOY,SCIENTIFIC EXPLORER -GIDDY UP
A1099K,GALT SOFT BABY BOOK,SCIENTIFIC EXPLORER -GIDDY UP
AC62422,THE GREATEST NATURAL RESOURCE,TREND ENTERPRISES INC
AC62426,PEACEFUL CONFLICT RESOLUTION,TREND ENTERPRISES INC
AC62589,ONLY POSITIVE ATTITUDES ALLOWE,TREND ENTERPRISES INC
AC62590,STAND UP FOR WHAT IS RIGH,TREND ENTERPRISES INC
AC62758,IF YOU EXPECT RESPECT BE,TREND ENTERPRISES INC
AC62760,COURAGE IS DOING RIGHT WH,TREND ENTERPRISES INC
AC67181,YOUR ACTIONS SPEAK...CHART,TREND ENTERPRISES INC
AC67219,BELIEVE YOU CAN ACHIEVE CHART,TREND ENTERPRISES INC
AC67233,FEED YOUR BRAIN CHART,TREND ENTERPRISES INC
AC67234,B RESPONSIBLE 4 U   CHART,TREND ENTERPRISES INC
AC67245,SAVE THE DRAMA FOR YOU LLAMA,TREND ENTERPRISES INC
AC67257,PASS WITH HARD WORK POSTER,TREND ENTERPRISES INC
AC67259,RED COW,TREND ENTERPRISES INC
AC67261,GREEN COW,TREND ENTERPRISES INC
AC67165b,BLACK DOG PUPPET,TREND ENTERPRISES INC
A0545C,GALT CONNECTA STRAWS,SCIENTIFIC EXPLORER -GIDDY UP
A0576L,GALT FIRST OCTONS,SCIENTIFIC EXPLORER -GIDDY UP
A2500H,GALT FOLDING TRAMPOLINE,"ELMER'S PRODUCTS, INC."
ABC101,ABC 123 PIN,"PIN-CENTIVES, INC"
AC101,APPLE PIN WITH CROSS,"PIN-CENTIVES, INC"
AC62449,PEOPLE CAN ALTER THEIR LIVES,TREND ENTERPRISES INC
AC62779,WINNERS MAKE THE GRADE,TREND ENTERPRISES INC
AC67226,HOW YOU PLAY....CHART,TREND ENTERPRISES INC
AC67246,LIFE IS A GREAT BIG CANVAS,TREND ENTERPRISES INC
ACT02920,ACTIVE SCREEN,ACTIVE PEOPLE
ACT41110,ASTROJAX V-MAX,ACTIVE PEOPLE
ACT41155,ASTROJAX MX POP,ACTIVE PEOPLE
ACT43200,KIWIDO W/CD ROM,ACTIVE PEOPLE
ACT43250,KIWIDO CLASSIC,ACTIVE PEOPLE
ADO20103002,ADORA NURSERYTIME BABY,ADORA
ADO201220935,ADORA LITTLE PRINCESS LT.SKIN/BLUE EYES,ADORA
ADO201220936,PLAYTIME BABY LITTLE PRINCE,ADORA
ADO201220937,PLAYTIME BABY LITTLE PRINCESS,ADORA
ADO201220939,PLAYTIME 3 PC LAYETTE SET PINK,ADORA
ADO201220941,PLAYTIME 2PC BUNTING SET PINK,ADORA
ADO201220949,PLAYTIME SNUGGLE UP PINK,ADORA
ADO201220959,ADORA LITTLE PRINCESS LT SKIN/BR EYES,ADORA
ADO20153001,GIGGLE TIME BABY FUCHSIA LT SKIN/BLONDE/BLUE EYES,ADORA
ADO20153002,GIGGLE TIME BABY BLUE LT SKIN/BROWN/BR EYES,ADORA
ADO201820999,NURSERY TIME BABY LT. SKIN BLUE EYES,ADORA
3c4g22600,Fuchsia Bf Butterfly Set,Three Cheers For Girls
3c4g23322,10/ 12 Starfish Hoodie,Three Cheers For Girls
3c4g23172,Square Dots Lap Desk,Three Cheers For Girls
corov9933,Corolle Mon Baby Classique Brunette Baby Doll,Corolle
cra00001,Cranium Game,Cranium
cra00002,Cranium Booster Box 12,Cranium
cra00004,Cranium Cadoo 1222,Cranium
cra00009,Cranium Primo Edition,Cranium
cra00162,dgdfhfdhfh Cranium,Cranium
